code	code_idx	task	mis	notes	stu_id
{'type': 'run', 'children': [{'type': 'while', 'children': [{'type': 'ifelse bool_path_ahead', 'children': [{'type': 'do', 'children': [{'type': 'move'}]}, {'type': 'else', 'children': [{'type': 'turn_right'}]}]}]}]}	0	hoc18	1.0	stu	stu1
{'type': 'run', 'children': [{'type': 'while', 'children': [{'type': 'ifelse bool_path_left', 'children': [{'type': 'do', 'children': [{'type': 'turn_left'}, {'type': 'move'}]}, {'type': 'else', 'children': [{'type': 'move'}]}]}]}]}	1	hoc18	2.0	stu	stu2
{'type': 'run', 'children': [{'type': 'while', 'children': [{'type': 'ifelse bool_path_ahead', 'children': [{'type': 'do', 'children': [{'type': 'turn_left'}]}, {'type': 'else', 'children': [{'type': 'turn_left'}]}]}, {'type': 'move'}]}]}	2	hoc18	3.0	stu	stu3
{'type': 'run', 'children': [{'type': 'while', 'children': [{'type': 'move'}, {'type': 'turn_left'}, {'type': 'move'}, {'type': 'turn_left'}, {'type': 'move'}]}]}	3	hoc18	4.0	stu	stu4
{'type': 'run', 'children': [{'type': 'move'}, {'type': 'ifelse bool_path_ahead', 'children': [{'type': 'do', 'children': [{'type': 'move'}]}, {'type': 'else', 'children': [{'type': 'turn_left'}]}]}]}	4	hoc18	5.0	stu	stu5
{'type': 'run', 'children': [{'type': 'move'}, {'type': 'turn_left'}, {'type': 'move'}, {'type': 'move'}, {'type': 'move'}, {'type': 'move'}, {'type': 'turn_left'}, {'type': 'move'}, {'type': 'move'}, {'type': 'move'}, {'type': 'move'}, {'type': 'move'}, {'type': 'move'}]}	5	hoc18	6.0	stu	stu6
{'type': 'run', 'children': [{'type': 'while', 'children': [{'type': 'ifelse bool_path_left', 'children': [{'type': 'do', 'children': [{'type': 'turn_right'}, {'type': 'move'}]}, {'type': 'else', 'children': [{'type': 'move'}]}]}]}]}	6	hoc18	1.0	stu	stu7
{'type': 'run', 'children': [{'type': 'move'}, {'type': 'turn_left'}, {'type': 'while', 'children': [{'type': 'ifelse bool_path_right', 'children': [{'type': 'do', 'children': [{'type': 'turn_right'}, {'type': 'move'}]}, {'type': 'else', 'children': [{'type': 'move'}]}]}]}]}	7	hoc18	2.0	stu	stu8
{'type': 'run', 'children': [{'type': 'while', 'children': [{'type': 'ifelse bool_path_ahead', 'children': [{'type': 'do', 'children': [{'type': 'move'}]}, {'type': 'else', 'children': [{'type': 'move'}]}]}, {'type': 'turn_left'}]}]}	8	hoc18	3.0	stu	stu9
{'type': 'run', 'children': [{'type': 'while', 'children': [{'type': 'move'}, {'type': 'turn_left'}, {'type': 'move'}, {'type': 'move'}, {'type': 'move'}, {'type': 'move'}]}]}	9	hoc18	4.0	stu	stu10
{'type': 'run', 'children': [{'type': 'move'}, {'type': 'ifelse bool_path_left', 'children': [{'type': 'do', 'children': [{'type': 'turn_left'}, {'type': 'move'}, {'type': 'move'}, {'type': 'move'}, {'type': 'move'}, {'type': 'move'}]}, {'type': 'else', 'children': [{'type': 'move'}]}]}, {'type': 'move'}, {'type': 'move'}]}	10	hoc18	5.0	stu	stu11
{'type': 'run', 'children': [{'type': 'move'}, {'type': 'turn_left'}, {'type': 'move'}, {'type': 'move'}, {'type': 'move'}, {'type': 'move'}, {'type': 'turn_right'}, {'type': 'move'}, {'type': 'move'}, {'type': 'move'}, {'type': 'move'}, {'type': 'move'}]}	11	hoc18	6.0	stu	stu12
{'type': 'run', 'children': [{'type': 'while', 'children': [{'type': 'ifelse bool_path_ahead', 'children': [{'type': 'do', 'children': [{'type': 'move'}]}, {'type': 'else', 'children': [{'type': 'turn_left'}]}]}]}]}	12	hoc18a	1.0	stu	stu1
{'type': 'run', 'children': [{'type': 'while', 'children': [{'type': 'ifelse bool_path_right', 'children': [{'type': 'do', 'children': [{'type': 'turn_right'}, {'type': 'move'}]}, {'type': 'else', 'children': [{'type': 'move'}]}]}]}]}	13	hoc18a	2.0	stu	stu2
{'type': 'run', 'children': [{'type': 'while', 'children': [{'type': 'ifelse bool_path_ahead', 'children': [{'type': 'do', 'children': [{'type': 'move'}, {'type': 'turn_right'}]}, {'type': 'else', 'children': [{'type': 'move'}, {'type': 'turn_right'}]}]}]}, {'type': 'move'}, {'type': 'move'}, {'type': 'move'}]}	14	hoc18a	3.0	stu	stu3
{'type': 'run', 'children': [{'type': 'while', 'children': [{'type': 'move'}, {'type': 'turn_right'}, {'type': 'move'}, {'type': 'turn_right'}, {'type': 'move'}]}]}	15	hoc18a	4.0	stu	stu4
{'type': 'run', 'children': [{'type': 'ifelse bool_path_ahead', 'children': [{'type': 'do', 'children': [{'type': 'move'}]}, {'type': 'else', 'children': [{'type': 'turn_right'}, {'type': 'move'}, {'type': 'move'}, {'type': 'move'}]}]}]}	16	hoc18a	5.0	stu	stu5
{'type': 'run', 'children': [{'type': 'move'}, {'type': 'move'}, {'type': 'turn_right'}, {'type': 'move'}, {'type': 'move'}, {'type': 'move'}, {'type': 'turn_right'}, {'type': 'move'}, {'type': 'move'}, {'type': 'move'}, {'type': 'move'}, {'type': 'move'}, {'type': 'move'}]}	17	hoc18a	6.0	stu	stu6
{'type': 'run', 'children': [{'type': 'while', 'children': [{'type': 'ifelse bool_path_right', 'children': [{'type': 'do', 'children': [{'type': 'turn_left'}, {'type': 'move'}]}, {'type': 'else', 'children': [{'type': 'move'}]}]}]}]}	18	hoc18a	1.0	stu	stu7
{'type': 'run', 'children': [{'type': 'move'}, {'type': 'move'}, {'type': 'turn_right'}, {'type': 'while', 'children': [{'type': 'ifelse bool_path_left', 'children': [{'type': 'do', 'children': [{'type': 'turn_left'}, {'type': 'move'}]}, {'type': 'else', 'children': [{'type': 'move'}]}]}]}]}	19	hoc18a	2.0	stu	stu8
{'type': 'run', 'children': [{'type': 'while', 'children': [{'type': 'ifelse bool_path_ahead', 'children': [{'type': 'do', 'children': [{'type': 'turn_right'}]}, {'type': 'else', 'children': [{'type': 'turn_right'}]}]}, {'type': 'move'}]}]}	20	hoc18a	3.0	stu	stu9
{'type': 'run', 'children': [{'type': 'move'}, {'type': 'move'}, {'type': 'turn_right'}, {'type': 'while', 'children': [{'type': 'move'}, {'type': 'move'}, {'type': 'move'}, {'type': 'move'}, {'type': 'turn_right'}]}]}	21	hoc18a	4.0	stu	stu10
{'type': 'run', 'children': [{'type': 'ifelse bool_path_ahead', 'children': [{'type': 'do', 'children': [{'type': 'move'}, {'type': 'move'}, {'type': 'move'}, {'type': 'move'}, {'type': 'move'}]}, {'type': 'else', 'children': [{'type': 'turn_right'}]}]}]}	22	hoc18a	5.0	stu	stu11
{'type': 'run', 'children': [{'type': 'move'}, {'type': 'move'}, {'type': 'turn_left'}, {'type': 'move'}, {'type': 'move'}, {'type': 'move'}, {'type': 'turn_right'}, {'type': 'move'}, {'type': 'move'}, {'type': 'move'}, {'type': 'move'}, {'type': 'move'}]}	23	hoc18a	6.0	stu	stu12
{'type': 'run', 'children': [{'type': 'move'}, {'type': 'move'}, {'type': 'turn_right'}, {'type': 'while', 'children': [{'type': 'ifelse bool_path_left', 'children': [{'type': 'do', 'children': [{'type': 'turn_left'}, {'type': 'move'}]}, {'type': 'else', 'children': [{'type': 'move'}]}]}]}]}	24	hoc18b	1.0	stu	stu1
{'type': 'run', 'children': [{'type': 'move'}, {'type': 'move'}, {'type': 'turn_left'}, {'type': 'while', 'children': [{'type': 'ifelse bool_path_ahead', 'children': [{'type': 'do', 'children': [{'type': 'move'}]}, {'type': 'else', 'children': [{'type': 'turn_right'}]}]}]}]}	25	hoc18b	2.0	stu	stu2
{'type': 'run', 'children': [{'type': 'move'}, {'type': 'move'}, {'type': 'turn_left'}, {'type': 'while', 'children': [{'type': 'ifelse bool_path_right', 'children': [{'type': 'do', 'children': [{'type': 'turn_right'}]}, {'type': 'else', 'children': [{'type': 'turn_right'}]}]}, {'type': 'move'}]}]}	26	hoc18b	3.0	stu	stu3
{'type': 'run', 'children': [{'type': 'while', 'children': [{'type': 'move'}, {'type': 'turn_left'}, {'type': 'move'}, {'type': 'turn_right'}, {'type': 'move'}]}]}	27	hoc18b	4.0	stu	stu4
{'type': 'run', 'children': [{'type': 'move'}, {'type': 'move'}, {'type': 'turn_left'}, {'type': 'ifelse bool_path_right', 'children': [{'type': 'do', 'children': [{'type': 'turn_right'}, {'type': 'move'}]}, {'type': 'else', 'children': [{'type': 'move'}]}]}]}	28	hoc18b	5.0	stu	stu5
{'type': 'run', 'children': [{'type': 'move'}, {'type': 'move'}, {'type': 'turn_left'}, {'type': 'move'}, {'type': 'move'}, {'type': 'move'}, {'type': 'move'}, {'type': 'turn_right'}, {'type': 'move'}, {'type': 'move'}, {'type': 'move'}, {'type': 'move'}]}	29	hoc18b	6.0	stu	stu6
{'type': 'run', 'children': [{'type': 'move'}, {'type': 'move'}, {'type': 'turn_left'}, {'type': 'while', 'children': [{'type': 'ifelse bool_path_left', 'children': [{'type': 'do', 'children': [{'type': 'turn_left'}, {'type': 'move'}]}, {'type': 'else', 'children': [{'type': 'move'}]}]}]}]}	30	hoc18b	1.0	stu	stu7
{'type': 'run', 'children': [{'type': 'while', 'children': [{'type': 'ifelse bool_path_left', 'children': [{'type': 'do', 'children': [{'type': 'turn_left'}, {'type': 'move'}]}, {'type': 'else', 'children': [{'type': 'move'}]}]}]}]}	31	hoc18b	2.0	stu	stu8
{'type': 'run', 'children': [{'type': 'move'}, {'type': 'move'}, {'type': 'turn_left'}, {'type': 'while', 'children': [{'type': 'ifelse bool_path_right', 'children': [{'type': 'do', 'children': [{'type': 'move'}]}, {'type': 'else', 'children': [{'type': 'move'}]}]}, {'type': 'turn_right'}]}]}	32	hoc18b	3.0	stu	stu9
{'type': 'run', 'children': [{'type': 'move'}, {'type': 'move'}, {'type': 'turn_left'}, {'type': 'while', 'children': [{'type': 'move'}, {'type': 'move'}, {'type': 'move'}, {'type': 'turn_right'}]}]}	33	hoc18b	4.0	stu	stu10
{'type': 'run', 'children': [{'type': 'move'}, {'type': 'move'}, {'type': 'turn_left'}, {'type': 'ifelse bool_path_right', 'children': [{'type': 'do', 'children': [{'type': 'turn_right'}]}, {'type': 'else', 'children': [{'type': 'turn_left'}]}]}, {'type': 'move'}, {'type': 'move'}, {'type': 'move'}, {'type': 'move'}]}	34	hoc18b	5.0	stu	stu11
{'type': 'run', 'children': [{'type': 'move'}, {'type': 'move'}, {'type': 'turn_left'}, {'type': 'move'}, {'type': 'move'}, {'type': 'turn_right'}, {'type': 'move'}, {'type': 'move'}, {'type': 'move'}, {'type': 'move'}]}	35	hoc18b	6.0	stu	stu12
{'type': 'run', 'children': [{'type': 'while', 'children': [{'type': 'ifelse bool_path_right', 'children': [{'type': 'do', 'children': [{'type': 'turn_right'}, {'type': 'move'}]}, {'type': 'else', 'children': [{'type': 'move'}]}]}]}]}	36	hoc18c	1.0	stu	stu1
{'type': 'run', 'children': [{'type': 'while', 'children': [{'type': 'ifelse bool_path_ahead', 'children': [{'type': 'do', 'children': [{'type': 'move'}]}, {'type': 'else', 'children': [{'type': 'turn_left'}]}]}]}]}	37	hoc18c	2.0	stu	stu2
{'type': 'run', 'children': [{'type': 'while', 'children': [{'type': 'ifelse bool_path_left', 'children': [{'type': 'do', 'children': [{'type': 'turn_left'}]}, {'type': 'else', 'children': [{'type': 'turn_left'}]}]}, {'type': 'move'}]}]}	38	hoc18c	3.0	stu	stu3
{'type': 'run', 'children': [{'type': 'while', 'children': [{'type': 'move'}, {'type': 'turn_left'}, {'type': 'move'}, {'type': 'turn_left'}, {'type': 'move'}, {'type': 'turn_left'}, {'type': 'move'}, {'type': 'turn_left'}, {'type': 'move'}]}]}	39	hoc18c	4.0	stu	stu4
{'type': 'run', 'children': [{'type': 'ifelse bool_path_left', 'children': [{'type': 'do', 'children': [{'type': 'move'}, {'type': 'move'}, {'type': 'move'}, {'type': 'turn_left'}]}, {'type': 'else', 'children': [{'type': 'move'}]}]}]}	40	hoc18c	5.0	stu	stu5
{'type': 'run', 'children': [{'type': 'move'}, {'type': 'move'}, {'type': 'move'}, {'type': 'turn_left'}, {'type': 'move'}, {'type': 'move'}, {'type': 'move'}, {'type': 'move'}, {'type': 'turn_left'}, {'type': 'move'}, {'type': 'move'}, {'type': 'move'}, {'type': 'turn_left'}, {'type': 'move'}, {'type': 'move'}, {'type': 'turn_left'}, {'type': 'move'}]}	41	hoc18c	6.0	stu	stu6
{'type': 'run', 'children': [{'type': 'while', 'children': [{'type': 'ifelse bool_path_left', 'children': [{'type': 'do', 'children': [{'type': 'turn_right'}, {'type': 'move'}]}, {'type': 'else', 'children': [{'type': 'move'}]}]}]}]}	42	hoc18c	1.0	stu	stu7
{'type': 'run', 'children': [{'type': 'move'}, {'type': 'move'}, {'type': 'move'}, {'type': 'turn_left'}, {'type': 'while', 'children': [{'type': 'ifelse bool_path_right', 'children': [{'type': 'do', 'children': [{'type': 'turn_right'}, {'type': 'move'}]}, {'type': 'else', 'children': [{'type': 'move'}]}]}]}]}	43	hoc18c	2.0	stu	stu8
{'type': 'run', 'children': [{'type': 'while', 'children': [{'type': 'ifelse bool_path_left', 'children': [{'type': 'do', 'children': [{'type': 'move'}]}, {'type': 'else', 'children': [{'type': 'move'}]}]}, {'type': 'turn_left'}]}]}	44	hoc18c	3.0	stu	stu9
{'type': 'run', 'children': [{'type': 'while', 'children': [{'type': 'move'}, {'type': 'move'}, {'type': 'move'}, {'type': 'turn_left'}, {'type': 'move'}]}]}	45	hoc18c	4.0	stu	stu10
{'type': 'run', 'children': [{'type': 'ifelse bool_path_ahead', 'children': [{'type': 'do', 'children': [{'type': 'move'}, {'type': 'move'}, {'type': 'move'}]}, {'type': 'else', 'children': [{'type': 'turn_left'}]}]}, {'type': 'move'}, {'type': 'turn_left'}]}	46	hoc18c	5.0	stu	stu11
{'type': 'run', 'children': [{'type': 'move'}, {'type': 'move'}, {'type': 'turn_left'}, {'type': 'move'}, {'type': 'move'}, {'type': 'turn_left'}, {'type': 'move'}, {'type': 'move'}, {'type': 'move'}, {'type': 'turn_left'}, {'type': 'move'}, {'type': 'move'}, {'type': 'turn_left'}, {'type': 'move'}]}	47	hoc18c	6.0	stu	stu12
{'type': 'run', 'children': [{'type': 'while', 'children': [{'type': 'ifelse bool_path_ahead', 'children': [{'type': 'do', 'children': [{'type': 'move'}]}, {'type': 'else', 'children': [{'type': 'turn_left'}]}]}]}]}	48	hoc18		sol	solution
{'type': 'run', 'children': [{'type': 'while', 'children': [{'type': 'ifelse bool_path_ahead', 'children': [{'type': 'do', 'children': [{'type': 'move'}]}, {'type': 'else', 'children': [{'type': 'turn_right'}]}]}]}]}	49	hoc18a		sol	solution
{'type': 'run', 'children': [{'type': 'move'}, {'type': 'move'}, {'type': 'turn_left'}, {'type': 'while', 'children': [{'type': 'ifelse bool_path_right', 'children': [{'type': 'do', 'children': [{'type': 'turn_right'}, {'type': 'move'}]}, {'type': 'else', 'children': [{'type': 'move'}]}]}]}]}	50	hoc18b		sol	solution
{'type': 'run', 'children': [{'type': 'while', 'children': [{'type': 'ifelse bool_path_left', 'children': [{'type': 'do', 'children': [{'type': 'turn_left'}, {'type': 'move'}]}, {'type': 'else', 'children': [{'type': 'move'}]}]}]}]}	51	hoc18c		sol	solution
{'type': 'run', 'children': [{'type': 'turn_right'}, {'type': 'turn_left'}, {'type': 'while', 'children': [{'type': 'ifelse bool_path_ahead', 'children': [{'type': 'do', 'children': [{'type': 'move'}]}, {'type': 'else', 'children': [{'type': 'turn_left'}]}]}]}]}	52	hoc18		edit_2	rand1
{'type': 'run', 'children': [{'type': 'while', 'children': [{'type': 'ifelse bool_path_right', 'children': [{'type': 'do', 'children': [{'type': 'move'}]}, {'type': 'else', 'children': [{'type': 'turn_left'}]}]}, {'type': 'move'}]}]}	53	hoc18		edit_2	rand2
{'type': 'run', 'children': [{'type': 'turn_right'}, {'type': 'while', 'children': [{'type': 'ifelse bool_path_ahead', 'children': [{'type': 'do', 'children': [{'type': 'move'}]}, {'type': 'else', 'children': [{'type': 'turn_left'}]}]}, {'type': 'turn_left'}]}]}	54	hoc18		edit_2	rand3
{'type': 'run', 'children': [{'type': 'move'}, {'type': 'while', 'children': [{'type': 'ifelse bool_path_ahead', 'children': [{'type': 'do', 'children': [{'type': 'move'}]}, {'type': 'else', 'children': [{'type': 'turn_left'}, {'type': 'turn_left'}]}]}]}]}	55	hoc18		edit_2	rand4
{'type': 'run', 'children': [{'type': 'while', 'children': [{'type': 'ifelse bool_path_ahead', 'children': [{'type': 'do', 'children': [{'type': 'move'}, {'type': 'move'}]}, {'type': 'else', 'children': [{'type': 'turn_left'}]}]}, {'type': 'turn_right'}]}]}	56	hoc18		edit_2	rand5
{'type': 'run', 'children': [{'type': 'while', 'children': [{'type': 'ifelse bool_path_ahead', 'children': [{'type': 'do', 'children': [{'type': 'move'}]}, {'type': 'else', 'children': [{'type': 'turn_left'}]}]}, {'type': 'move'}, {'type': 'turn_right'}]}]}	57	hoc18		edit_2	rand6
{'type': 'run', 'children': [{'type': 'while', 'children': [{'type': 'move'}, {'type': 'ifelse bool_path_ahead', 'children': [{'type': 'do', 'children': [{'type': 'move'}]}, {'type': 'else', 'children': [{'type': 'turn_left'}]}]}, {'type': 'turn_left'}]}]}	58	hoc18		edit_2	rand7
{'type': 'run', 'children': [{'type': 'turn_right'}, {'type': 'while', 'children': [{'type': 'move'}, {'type': 'ifelse bool_path_ahead', 'children': [{'type': 'do', 'children': [{'type': 'move'}]}, {'type': 'else', 'children': [{'type': 'turn_left'}]}]}]}]}	59	hoc18		edit_2	rand8
{'type': 'run', 'children': [{'type': 'turn_right'}, {'type': 'turn_right'}, {'type': 'while', 'children': [{'type': 'ifelse bool_path_ahead', 'children': [{'type': 'do', 'children': [{'type': 'move'}]}, {'type': 'else', 'children': [{'type': 'turn_left'}]}]}]}]}	60	hoc18		edit_2	rand9
{'type': 'run', 'children': [{'type': 'while', 'children': [{'type': 'ifelse bool_path_ahead', 'children': [{'type': 'do', 'children': [{'type': 'move'}]}, {'type': 'else', 'children': [{'type': 'move'}, {'type': 'move'}]}]}]}]}	61	hoc18		edit_2	rand10
{'type': 'run', 'children': [{'type': 'turn_right'}, {'type': 'ifelse bool_path_ahead', 'children': [{'type': 'do', 'children': [{'type': 'move'}]}, {'type': 'else', 'children': [{'type': 'turn_left'}, {'type': 'move'}]}]}]}	62	hoc18		only_if	rand11
{'type': 'run', 'children': [{'type': 'move'}, {'type': 'ifelse bool_path_ahead', 'children': [{'type': 'do', 'children': [{'type': 'move'}, {'type': 'turn_right'}]}, {'type': 'else', 'children': [{'type': 'turn_left'}]}]}]}	63	hoc18		only_if	rand12
{'type': 'run', 'children': [{'type': 'ifelse bool_path_left', 'children': [{'type': 'do', 'children': [{'type': 'move'}]}, {'type': 'else', 'children': [{'type': 'turn_left'}, {'type': 'move'}]}]}]}	64	hoc18		only_if	rand13
{'type': 'run', 'children': [{'type': 'turn_left'}, {'type': 'ifelse bool_path_ahead', 'children': [{'type': 'do', 'children': [{'type': 'turn_left'}]}, {'type': 'else', 'children': [{'type': 'turn_left'}]}]}]}	65	hoc18		only_if	rand14
{'type': 'run', 'children': [{'type': 'ifelse bool_path_right', 'children': [{'type': 'do', 'children': [{'type': 'turn_right'}]}, {'type': 'else', 'children': [{'type': 'turn_left'}]}]}]}	66	hoc18		only_if	rand15
{'type': 'run', 'children': [{'type': 'ifelse bool_path_right', 'children': [{'type': 'do', 'children': [{'type': 'move'}]}, {'type': 'else', 'children': [{'type': 'turn_left'}]}]}, {'type': 'move'}]}	67	hoc18		only_if	rand16
{'type': 'run', 'children': [{'type': 'turn_right'}, {'type': 'ifelse bool_path_ahead', 'children': [{'type': 'do', 'children': [{'type': 'turn_right'}]}, {'type': 'else', 'children': [{'type': 'turn_left'}]}]}]}	68	hoc18		only_if	rand17
{'type': 'run', 'children': [{'type': 'turn_right'}, {'type': 'ifelse bool_path_right', 'children': [{'type': 'do', 'children': [{'type': 'move'}]}, {'type': 'else', 'children': [{'type': 'turn_left'}]}]}]}	69	hoc18		only_if	rand18
{'type': 'run', 'children': [{'type': 'ifelse bool_path_ahead', 'children': [{'type': 'do', 'children': [{'type': 'turn_left'}]}, {'type': 'else', 'children': [{'type': 'turn_left'}]}]}, {'type': 'turn_left'}]}	70	hoc18		only_if	rand19
{'type': 'run', 'children': [{'type': 'move'}, {'type': 'ifelse bool_path_ahead', 'children': [{'type': 'do', 'children': [{'type': 'move'}, {'type': 'move'}]}, {'type': 'else', 'children': [{'type': 'turn_left'}]}]}]}	71	hoc18		only_if	rand20
{'type': 'run', 'children': [{'type': 'while', 'children': [{'type': 'move'}, {'type': 'turn_right'}, {'type': 'move'}]}]}	72	hoc18		only_while	rand21
{'type': 'run', 'children': [{'type': 'turn_right'}, {'type': 'while', 'children': [{'type': 'turn_left'}]}]}	73	hoc18		only_while	rand22
{'type': 'run', 'children': [{'type': 'turn_left'}, {'type': 'while', 'children': [{'type': 'move'}, {'type': 'move'}, {'type': 'turn_left'}]}]}	74	hoc18		only_while	rand23
{'type': 'run', 'children': [{'type': 'turn_left'}, {'type': 'while', 'children': [{'type': 'move'}, {'type': 'turn_right'}]}]}	75	hoc18		only_while	rand24
{'type': 'run', 'children': [{'type': 'move'}, {'type': 'while', 'children': [{'type': 'move'}, {'type': 'turn_right'}, {'type': 'turn_left'}]}]}	76	hoc18		only_while	rand25
{'type': 'run', 'children': [{'type': 'while', 'children': [{'type': 'move'}, {'type': 'move'}, {'type': 'move'}, {'type': 'turn_left'}]}]}	77	hoc18		only_while	rand26
{'type': 'run', 'children': [{'type': 'while', 'children': [{'type': 'turn_left'}, {'type': 'turn_left'}, {'type': 'move'}]}]}	78	hoc18		only_while	rand27
{'type': 'run', 'children': [{'type': 'while', 'children': [{'type': 'move'}, {'type': 'turn_left'}, {'type': 'move'}, {'type': 'turn_left'}]}]}	79	hoc18		only_while	rand28
{'type': 'run', 'children': [{'type': 'move'}, {'type': 'while', 'children': [{'type': 'move'}]}]}	80	hoc18		only_while	rand29
{'type': 'run', 'children': [{'type': 'turn_left'}, {'type': 'while', 'children': [{'type': 'move'}, {'type': 'turn_left'}, {'type': 'turn_left'}]}]}	81	hoc18		only_while	rand30
{'type': 'run', 'children': [{'type': 'move'}, {'type': 'turn_left'}, {'type': 'move'}, {'type': 'move'}, {'type': 'turn_right'}, {'type': 'turn_left'}, {'type': 'move'}, {'type': 'turn_right'}, {'type': 'turn_right'}, {'type': 'move'}, {'type': 'move'}, {'type': 'move'}, {'type': 'turn_left'}]}	82	hoc18		basic_actions	rand31
{'type': 'run', 'children': [{'type': 'move'}, {'type': 'move'}, {'type': 'move'}, {'type': 'move'}, {'type': 'move'}, {'type': 'turn_left'}, {'type': 'move'}, {'type': 'turn_left'}, {'type': 'turn_right'}, {'type': 'turn_right'}, {'type': 'move'}]}	83	hoc18		basic_actions	rand32
{'type': 'run', 'children': [{'type': 'turn_right'}, {'type': 'turn_left'}, {'type': 'turn_right'}, {'type': 'move'}, {'type': 'turn_right'}, {'type': 'move'}, {'type': 'turn_left'}, {'type': 'move'}, {'type': 'move'}, {'type': 'move'}, {'type': 'turn_left'}, {'type': 'move'}]}	84	hoc18		basic_actions	rand33
{'type': 'run', 'children': [{'type': 'move'}, {'type': 'move'}, {'type': 'move'}, {'type': 'move'}, {'type': 'turn_right'}, {'type': 'turn_left'}, {'type': 'move'}, {'type': 'turn_left'}, {'type': 'turn_left'}, {'type': 'move'}, {'type': 'move'}]}	85	hoc18		basic_actions	rand34
{'type': 'run', 'children': [{'type': 'turn_left'}, {'type': 'move'}, {'type': 'move'}, {'type': 'move'}, {'type': 'turn_left'}, {'type': 'move'}, {'type': 'move'}, {'type': 'turn_left'}, {'type': 'turn_left'}, {'type': 'move'}]}	86	hoc18		basic_actions	rand35
{'type': 'run', 'children': [{'type': 'move'}, {'type': 'turn_left'}, {'type': 'move'}, {'type': 'move'}, {'type': 'turn_right'}, {'type': 'turn_right'}, {'type': 'move'}, {'type': 'move'}, {'type': 'move'}, {'type': 'turn_right'}, {'type': 'move'}]}	87	hoc18		basic_actions	rand36
{'type': 'run', 'children': [{'type': 'move'}, {'type': 'turn_right'}, {'type': 'move'}, {'type': 'move'}, {'type': 'move'}, {'type': 'turn_left'}, {'type': 'move'}, {'type': 'move'}, {'type': 'move'}, {'type': 'turn_left'}, {'type': 'turn_left'}]}	88	hoc18		basic_actions	rand37
{'type': 'run', 'children': [{'type': 'move'}, {'type': 'turn_left'}, {'type': 'turn_left'}, {'type': 'move'}, {'type': 'move'}, {'type': 'turn_left'}, {'type': 'move'}, {'type': 'move'}, {'type': 'move'}, {'type': 'turn_right'}]}	89	hoc18		basic_actions	rand38
{'type': 'run', 'children': [{'type': 'move'}, {'type': 'turn_left'}, {'type': 'move'}, {'type': 'move'}, {'type': 'turn_left'}, {'type': 'move'}, {'type': 'turn_left'}, {'type': 'move'}, {'type': 'move'}, {'type': 'turn_right'}, {'type': 'turn_right'}, {'type': 'turn_right'}]}	90	hoc18		basic_actions	rand39
{'type': 'run', 'children': [{'type': 'turn_right'}, {'type': 'move'}, {'type': 'turn_left'}, {'type': 'move'}, {'type': 'turn_left'}, {'type': 'move'}, {'type': 'move'}, {'type': 'move'}, {'type': 'move'}, {'type': 'move'}, {'type': 'turn_left'}]}	91	hoc18		basic_actions	rand40
{'type': 'run', 'children': [{'type': 'move'}, {'type': 'while', 'children': [{'type': 'ifelse bool_path_left', 'children': [{'type': 'do', 'children': [{'type': 'move'}]}, {'type': 'else', 'children': [{'type': 'turn_right'}]}]}]}]}	92	hoc18a		edit_2	rand41
{'type': 'run', 'children': [{'type': 'move'}, {'type': 'while', 'children': [{'type': 'ifelse bool_path_ahead', 'children': [{'type': 'do', 'children': [{'type': 'turn_right'}]}, {'type': 'else', 'children': [{'type': 'turn_right'}]}]}]}]}	93	hoc18a		edit_2	rand42
{'type': 'run', 'children': [{'type': 'while', 'children': [{'type': 'ifelse bool_path_ahead', 'children': [{'type': 'do', 'children': [{'type': 'turn_right'}]}, {'type': 'else', 'children': [{'type': 'turn_right'}]}]}, {'type': 'move'}]}]}	94	hoc18a		edit_2	rand43
{'type': 'run', 'children': [{'type': 'move'}, {'type': 'while', 'children': [{'type': 'ifelse bool_path_ahead', 'children': [{'type': 'do', 'children': [{'type': 'move'}]}, {'type': 'else', 'children': [{'type': 'move'}]}]}]}]}	95	hoc18a		edit_2	rand44
{'type': 'run', 'children': [{'type': 'while', 'children': [{'type': 'ifelse bool_path_ahead', 'children': [{'type': 'do', 'children': [{'type': 'move'}]}, {'type': 'else', 'children': [{'type': 'move'}]}]}, {'type': 'turn_left'}]}]}	96	hoc18a		edit_2	rand45
{'type': 'run', 'children': [{'type': 'while', 'children': [{'type': 'move'}, {'type': 'turn_left'}, {'type': 'ifelse bool_path_ahead', 'children': [{'type': 'do', 'children': [{'type': 'move'}]}, {'type': 'else', 'children': [{'type': 'turn_right'}]}]}]}]}	97	hoc18a		edit_2	rand46
{'type': 'run', 'children': [{'type': 'while', 'children': [{'type': 'move'}, {'type': 'ifelse bool_path_ahead', 'children': [{'type': 'do', 'children': [{'type': 'move'}]}, {'type': 'else', 'children': [{'type': 'turn_right'}]}]}, {'type': 'move'}]}]}	98	hoc18a		edit_2	rand47
{'type': 'run', 'children': [{'type': 'while', 'children': [{'type': 'ifelse bool_path_right', 'children': [{'type': 'do', 'children': [{'type': 'move'}]}, {'type': 'else', 'children': [{'type': 'turn_right'}, {'type': 'turn_left'}]}]}]}]}	99	hoc18a		edit_2	rand48
{'type': 'run', 'children': [{'type': 'move'}, {'type': 'while', 'children': [{'type': 'ifelse bool_path_ahead', 'children': [{'type': 'do', 'children': [{'type': 'move'}]}, {'type': 'else', 'children': [{'type': 'move'}]}]}]}]}	100	hoc18a		edit_2	rand49
{'type': 'run', 'children': [{'type': 'while', 'children': [{'type': 'ifelse bool_path_left', 'children': [{'type': 'do', 'children': [{'type': 'move'}]}, {'type': 'else', 'children': [{'type': 'turn_right'}]}]}, {'type': 'turn_right'}]}]}	101	hoc18a		edit_2	rand50
{'type': 'run', 'children': [{'type': 'ifelse bool_path_ahead', 'children': [{'type': 'do', 'children': [{'type': 'move'}]}, {'type': 'else', 'children': [{'type': 'move'}]}]}, {'type': 'turn_left'}]}	102	hoc18a		only_if	rand51
{'type': 'run', 'children': [{'type': 'ifelse bool_path_ahead', 'children': [{'type': 'do', 'children': [{'type': 'move'}, {'type': 'turn_right'}, {'type': 'turn_left'}]}, {'type': 'else', 'children': [{'type': 'turn_right'}]}]}]}	103	hoc18a		only_if	rand52
{'type': 'run', 'children': [{'type': 'ifelse bool_path_ahead', 'children': [{'type': 'do', 'children': [{'type': 'move'}]}, {'type': 'else', 'children': [{'type': 'turn_left'}]}]}, {'type': 'move'}]}	104	hoc18a		only_if	rand53
{'type': 'run', 'children': [{'type': 'ifelse bool_path_ahead', 'children': [{'type': 'do', 'children': [{'type': 'move'}, {'type': 'move'}]}, {'type': 'else', 'children': [{'type': 'turn_right'}]}]}, {'type': 'move'}]}	105	hoc18a		only_if	rand54
{'type': 'run', 'children': [{'type': 'ifelse bool_path_ahead', 'children': [{'type': 'do', 'children': [{'type': 'move'}]}, {'type': 'else', 'children': [{'type': 'turn_right'}]}]}, {'type': 'turn_right'}, {'type': 'move'}]}	106	hoc18a		only_if	rand55
{'type': 'run', 'children': [{'type': 'ifelse bool_path_right', 'children': [{'type': 'do', 'children': [{'type': 'move'}]}, {'type': 'else', 'children': [{'type': 'turn_left'}]}]}]}	107	hoc18a		only_if	rand56
{'type': 'run', 'children': [{'type': 'move'}, {'type': 'ifelse bool_path_ahead', 'children': [{'type': 'do', 'children': [{'type': 'move'}]}, {'type': 'else', 'children': [{'type': 'turn_right'}]}]}, {'type': 'turn_left'}]}	108	hoc18a		only_if	rand57
{'type': 'run', 'children': [{'type': 'ifelse bool_path_ahead', 'children': [{'type': 'do', 'children': [{'type': 'move'}]}, {'type': 'else', 'children': [{'type': 'turn_right'}]}]}, {'type': 'turn_right'}, {'type': 'turn_left'}]}	109	hoc18a		only_if	rand58
{'type': 'run', 'children': [{'type': 'turn_left'}, {'type': 'move'}, {'type': 'ifelse bool_path_ahead', 'children': [{'type': 'do', 'children': [{'type': 'move'}]}, {'type': 'else', 'children': [{'type': 'turn_right'}]}]}]}	110	hoc18a		only_if	rand59
{'type': 'run', 'children': [{'type': 'ifelse bool_path_ahead', 'children': [{'type': 'do', 'children': [{'type': 'turn_left'}]}, {'type': 'else', 'children': [{'type': 'turn_right'}]}]}, {'type': 'move'}]}	111	hoc18a		only_if	rand60
{'type': 'run', 'children': [{'type': 'while', 'children': [{'type': 'move'}, {'type': 'move'}, {'type': 'turn_right'}, {'type': 'move'}]}]}	112	hoc18a		only_while	rand61
{'type': 'run', 'children': [{'type': 'turn_left'}, {'type': 'while', 'children': [{'type': 'move'}, {'type': 'turn_left'}]}]}	113	hoc18a		only_while	rand62
{'type': 'run', 'children': [{'type': 'move'}, {'type': 'turn_right'}, {'type': 'while', 'children': [{'type': 'move'}, {'type': 'turn_right'}]}]}	114	hoc18a		only_while	rand63
{'type': 'run', 'children': [{'type': 'move'}, {'type': 'while', 'children': [{'type': 'move'}, {'type': 'turn_left'}, {'type': 'turn_right'}]}]}	115	hoc18a		only_while	rand64
{'type': 'run', 'children': [{'type': 'turn_left'}, {'type': 'while', 'children': [{'type': 'turn_right'}, {'type': 'turn_right'}]}]}	116	hoc18a		only_while	rand65
{'type': 'run', 'children': [{'type': 'while', 'children': [{'type': 'turn_right'}, {'type': 'turn_right'}, {'type': 'move'}]}]}	117	hoc18a		only_while	rand66
{'type': 'run', 'children': [{'type': 'move'}, {'type': 'turn_left'}, {'type': 'while', 'children': [{'type': 'move'}, {'type': 'turn_right'}]}]}	118	hoc18a		only_while	rand67
{'type': 'run', 'children': [{'type': 'move'}, {'type': 'while', 'children': [{'type': 'move'}, {'type': 'turn_right'}, {'type': 'move'}]}]}	119	hoc18a		only_while	rand68
{'type': 'run', 'children': [{'type': 'while', 'children': [{'type': 'move'}, {'type': 'move'}, {'type': 'move'}]}]}	120	hoc18a		only_while	rand69
{'type': 'run', 'children': [{'type': 'while', 'children': [{'type': 'move'}, {'type': 'move'}, {'type': 'turn_right'}, {'type': 'turn_right'}]}]}	121	hoc18a		only_while	rand70
{'type': 'run', 'children': [{'type': 'move'}, {'type': 'move'}, {'type': 'move'}, {'type': 'move'}, {'type': 'turn_right'}, {'type': 'move'}, {'type': 'move'}, {'type': 'move'}, {'type': 'turn_left'}]}	122	hoc18a		basic_actions	rand71
{'type': 'run', 'children': [{'type': 'move'}, {'type': 'move'}, {'type': 'turn_right'}, {'type': 'move'}, {'type': 'move'}, {'type': 'move'}, {'type': 'move'}, {'type': 'turn_right'}, {'type': 'move'}, {'type': 'turn_left'}]}	123	hoc18a		basic_actions	rand72
{'type': 'run', 'children': [{'type': 'move'}, {'type': 'turn_right'}, {'type': 'turn_right'}, {'type': 'turn_right'}, {'type': 'move'}, {'type': 'move'}, {'type': 'move'}, {'type': 'move'}, {'type': 'turn_right'}, {'type': 'move'}]}	124	hoc18a		basic_actions	rand73
{'type': 'run', 'children': [{'type': 'move'}, {'type': 'turn_right'}, {'type': 'turn_left'}, {'type': 'move'}, {'type': 'turn_right'}, {'type': 'move'}, {'type': 'move'}, {'type': 'move'}, {'type': 'move'}]}	125	hoc18a		basic_actions	rand74
{'type': 'run', 'children': [{'type': 'turn_left'}, {'type': 'move'}, {'type': 'move'}, {'type': 'move'}, {'type': 'turn_right'}, {'type': 'move'}, {'type': 'move'}, {'type': 'move'}, {'type': 'move'}]}	126	hoc18a		basic_actions	rand75
{'type': 'run', 'children': [{'type': 'turn_left'}, {'type': 'move'}, {'type': 'turn_right'}, {'type': 'move'}, {'type': 'move'}, {'type': 'turn_left'}, {'type': 'turn_right'}, {'type': 'move'}, {'type': 'turn_left'}, {'type': 'move'}, {'type': 'move'}, {'type': 'turn_right'}, {'type': 'turn_left'}]}	127	hoc18a		basic_actions	rand76
{'type': 'run', 'children': [{'type': 'turn_left'}, {'type': 'move'}, {'type': 'turn_right'}, {'type': 'move'}, {'type': 'move'}, {'type': 'turn_right'}, {'type': 'move'}, {'type': 'move'}, {'type': 'move'}, {'type': 'turn_left'}]}	128	hoc18a		basic_actions	rand77
{'type': 'run', 'children': [{'type': 'turn_left'}, {'type': 'move'}, {'type': 'move'}, {'type': 'move'}, {'type': 'move'}, {'type': 'move'}, {'type': 'turn_left'}, {'type': 'turn_right'}, {'type': 'move'}, {'type': 'move'}, {'type': 'turn_left'}, {'type': 'move'}, {'type': 'move'}]}	129	hoc18a		basic_actions	rand78
{'type': 'run', 'children': [{'type': 'turn_left'}, {'type': 'turn_right'}, {'type': 'move'}, {'type': 'move'}, {'type': 'move'}, {'type': 'turn_right'}, {'type': 'move'}, {'type': 'turn_left'}, {'type': 'move'}, {'type': 'move'}, {'type': 'turn_right'}, {'type': 'turn_right'}]}	130	hoc18a		basic_actions	rand79
{'type': 'run', 'children': [{'type': 'turn_right'}, {'type': 'turn_right'}, {'type': 'turn_right'}, {'type': 'move'}, {'type': 'move'}, {'type': 'turn_right'}, {'type': 'turn_left'}, {'type': 'turn_right'}, {'type': 'move'}, {'type': 'move'}, {'type': 'move'}, {'type': 'move'}, {'type': 'move'}, {'type': 'turn_right'}]}	131	hoc18a		basic_actions	rand80
{'type': 'run', 'children': [{'type': 'move'}, {'type': 'move'}, {'type': 'turn_left'}, {'type': 'while', 'children': [{'type': 'turn_right'}, {'type': 'ifelse bool_path_right', 'children': [{'type': 'do', 'children': [{'type': 'move'}]}, {'type': 'else', 'children': [{'type': 'move'}]}]}]}]}	132	hoc18b		edit_2	rand81
{'type': 'run', 'children': [{'type': 'move'}, {'type': 'move'}, {'type': 'turn_left'}, {'type': 'while', 'children': [{'type': 'ifelse bool_path_right', 'children': [{'type': 'do', 'children': [{'type': 'turn_right'}, {'type': 'move'}]}, {'type': 'else', 'children': [{'type': 'move'}]}]}, {'type': 'move'}, {'type': 'move'}]}]}	133	hoc18b		edit_2	rand82
{'type': 'run', 'children': [{'type': 'move'}, {'type': 'move'}, {'type': 'turn_left'}, {'type': 'while', 'children': [{'type': 'ifelse bool_path_right', 'children': [{'type': 'do', 'children': [{'type': 'turn_right'}, {'type': 'move'}]}, {'type': 'else', 'children': [{'type': 'turn_left'}, {'type': 'turn_right'}]}]}]}]}	134	hoc18b		edit_2	rand83
{'type': 'run', 'children': [{'type': 'move'}, {'type': 'move'}, {'type': 'move'}, {'type': 'turn_left'}, {'type': 'while', 'children': [{'type': 'ifelse bool_path_left', 'children': [{'type': 'do', 'children': [{'type': 'turn_right'}, {'type': 'move'}]}, {'type': 'else', 'children': [{'type': 'move'}]}]}]}]}	135	hoc18b		edit_2	rand84
{'type': 'run', 'children': [{'type': 'move'}, {'type': 'move'}, {'type': 'turn_left'}, {'type': 'while', 'children': [{'type': 'move'}, {'type': 'ifelse bool_path_right', 'children': [{'type': 'do', 'children': [{'type': 'turn_right'}, {'type': 'turn_left'}, {'type': 'move'}]}, {'type': 'else', 'children': [{'type': 'move'}]}]}]}]}	136	hoc18b		edit_2	rand85
{'type': 'run', 'children': [{'type': 'move'}, {'type': 'move'}, {'type': 'turn_left'}, {'type': 'while', 'children': [{'type': 'move'}, {'type': 'ifelse bool_path_right', 'children': [{'type': 'do', 'children': [{'type': 'turn_right'}, {'type': 'move'}, {'type': 'move'}]}, {'type': 'else', 'children': [{'type': 'move'}]}]}]}]}	137	hoc18b		edit_2	rand86
{'type': 'run', 'children': [{'type': 'move'}, {'type': 'move'}, {'type': 'turn_left'}, {'type': 'while', 'children': [{'type': 'turn_right'}, {'type': 'ifelse bool_path_right', 'children': [{'type': 'do', 'children': [{'type': 'turn_right'}, {'type': 'move'}, {'type': 'move'}]}, {'type': 'else', 'children': [{'type': 'move'}]}]}]}]}	138	hoc18b		edit_2	rand87
{'type': 'run', 'children': [{'type': 'move'}, {'type': 'move'}, {'type': 'turn_left'}, {'type': 'while', 'children': [{'type': 'ifelse bool_path_right', 'children': [{'type': 'do', 'children': [{'type': 'turn_right'}, {'type': 'move'}]}, {'type': 'else', 'children': [{'type': 'move'}]}]}, {'type': 'move'}, {'type': 'turn_left'}]}]}	139	hoc18b		edit_2	rand88
{'type': 'run', 'children': [{'type': 'move'}, {'type': 'move'}, {'type': 'turn_left'}, {'type': 'while', 'children': [{'type': 'ifelse bool_path_right', 'children': [{'type': 'do', 'children': [{'type': 'move'}, {'type': 'move'}]}, {'type': 'else', 'children': [{'type': 'move'}, {'type': 'move'}]}]}]}]}	140	hoc18b		edit_2	rand89
{'type': 'run', 'children': [{'type': 'turn_right'}, {'type': 'move'}, {'type': 'turn_left'}, {'type': 'while', 'children': [{'type': 'ifelse bool_path_right', 'children': [{'type': 'do', 'children': [{'type': 'turn_right'}, {'type': 'move'}]}, {'type': 'else', 'children': [{'type': 'move'}]}]}, {'type': 'move'}]}]}	141	hoc18b		edit_2	rand90
{'type': 'run', 'children': [{'type': 'move'}, {'type': 'move'}, {'type': 'move'}, {'type': 'ifelse bool_path_right', 'children': [{'type': 'do', 'children': [{'type': 'turn_right'}, {'type': 'move'}]}, {'type': 'else', 'children': [{'type': 'move'}, {'type': 'move'}]}]}]}	142	hoc18b		only_if	rand91
{'type': 'run', 'children': [{'type': 'turn_left'}, {'type': 'move'}, {'type': 'move'}, {'type': 'turn_left'}, {'type': 'ifelse bool_path_right', 'children': [{'type': 'do', 'children': [{'type': 'turn_right'}, {'type': 'move'}]}, {'type': 'else', 'children': [{'type': 'move'}]}]}, {'type': 'move'}]}	143	hoc18b		only_if	rand92
{'type': 'run', 'children': [{'type': 'move'}, {'type': 'move'}, {'type': 'turn_left'}, {'type': 'ifelse bool_path_right', 'children': [{'type': 'do', 'children': [{'type': 'turn_right'}, {'type': 'turn_right'}, {'type': 'move'}]}, {'type': 'else', 'children': [{'type': 'move'}, {'type': 'turn_right'}]}]}]}	144	hoc18b		only_if	rand93
{'type': 'run', 'children': [{'type': 'move'}, {'type': 'move'}, {'type': 'turn_left'}, {'type': 'ifelse bool_path_right', 'children': [{'type': 'do', 'children': [{'type': 'turn_right'}, {'type': 'turn_left'}]}, {'type': 'else', 'children': [{'type': 'turn_left'}]}]}]}	145	hoc18b		only_if	rand94
{'type': 'run', 'children': [{'type': 'turn_right'}, {'type': 'turn_left'}, {'type': 'ifelse bool_path_right', 'children': [{'type': 'do', 'children': [{'type': 'turn_right'}, {'type': 'move'}]}, {'type': 'else', 'children': [{'type': 'move'}]}]}]}	146	hoc18b		only_if	rand95
{'type': 'run', 'children': [{'type': 'turn_right'}, {'type': 'move'}, {'type': 'turn_left'}, {'type': 'ifelse bool_path_left', 'children': [{'type': 'do', 'children': [{'type': 'turn_right'}, {'type': 'move'}]}, {'type': 'else', 'children': [{'type': 'move'}]}]}]}	147	hoc18b		only_if	rand96
{'type': 'run', 'children': [{'type': 'move'}, {'type': 'move'}, {'type': 'move'}, {'type': 'turn_left'}, {'type': 'ifelse bool_path_right', 'children': [{'type': 'do', 'children': [{'type': 'turn_right'}, {'type': 'move'}]}, {'type': 'else', 'children': [{'type': 'move'}, {'type': 'move'}]}]}]}	148	hoc18b		only_if	rand97
{'type': 'run', 'children': [{'type': 'move'}, {'type': 'ifelse bool_path_right', 'children': [{'type': 'do', 'children': [{'type': 'turn_right'}, {'type': 'move'}]}, {'type': 'else', 'children': [{'type': 'move'}]}]}]}	149	hoc18b		only_if	rand98
{'type': 'run', 'children': [{'type': 'turn_left'}, {'type': 'move'}, {'type': 'move'}, {'type': 'ifelse bool_path_right', 'children': [{'type': 'do', 'children': [{'type': 'turn_right'}, {'type': 'move'}]}, {'type': 'else', 'children': [{'type': 'move'}]}]}]}	150	hoc18b		only_if	rand99
{'type': 'run', 'children': [{'type': 'move'}, {'type': 'turn_left'}, {'type': 'ifelse bool_path_right', 'children': [{'type': 'do', 'children': [{'type': 'move'}, {'type': 'move'}]}, {'type': 'else', 'children': [{'type': 'move'}]}]}]}	151	hoc18b		only_if	rand100
{'type': 'run', 'children': [{'type': 'move'}, {'type': 'turn_right'}, {'type': 'turn_left'}, {'type': 'while', 'children': [{'type': 'turn_right'}, {'type': 'move'}, {'type': 'move'}, {'type': 'move'}]}]}	152	hoc18b		only_while	rand101
{'type': 'run', 'children': [{'type': 'move'}, {'type': 'move'}, {'type': 'move'}, {'type': 'move'}, {'type': 'turn_left'}, {'type': 'while', 'children': [{'type': 'turn_right'}, {'type': 'move'}, {'type': 'move'}]}]}	153	hoc18b		only_while	rand102
{'type': 'run', 'children': [{'type': 'move'}, {'type': 'turn_left'}, {'type': 'turn_left'}, {'type': 'turn_left'}, {'type': 'while', 'children': [{'type': 'turn_right'}, {'type': 'move'}, {'type': 'move'}]}]}	154	hoc18b		only_while	rand103
{'type': 'run', 'children': [{'type': 'move'}, {'type': 'move'}, {'type': 'turn_right'}, {'type': 'turn_left'}, {'type': 'while', 'children': [{'type': 'move'}, {'type': 'turn_right'}, {'type': 'move'}, {'type': 'move'}]}]}	155	hoc18b		only_while	rand104
{'type': 'run', 'children': [{'type': 'move'}, {'type': 'move'}, {'type': 'move'}, {'type': 'while', 'children': [{'type': 'turn_right'}, {'type': 'move'}, {'type': 'turn_right'}]}]}	156	hoc18b		only_while	rand105
{'type': 'run', 'children': [{'type': 'turn_right'}, {'type': 'move'}, {'type': 'turn_right'}, {'type': 'while', 'children': [{'type': 'turn_right'}, {'type': 'move'}, {'type': 'move'}]}]}	157	hoc18b		only_while	rand106
{'type': 'run', 'children': [{'type': 'move'}, {'type': 'turn_left'}, {'type': 'move'}, {'type': 'turn_right'}, {'type': 'while', 'children': [{'type': 'turn_right'}, {'type': 'move'}, {'type': 'move'}]}]}	158	hoc18b		only_while	rand107
{'type': 'run', 'children': [{'type': 'move'}, {'type': 'move'}, {'type': 'turn_left'}, {'type': 'while', 'children': [{'type': 'turn_right'}, {'type': 'turn_left'}, {'type': 'turn_left'}, {'type': 'move'}]}]}	159	hoc18b		only_while	rand108
{'type': 'run', 'children': [{'type': 'move'}, {'type': 'move'}, {'type': 'turn_left'}, {'type': 'move'}, {'type': 'while', 'children': [{'type': 'turn_right'}, {'type': 'turn_right'}, {'type': 'move'}, {'type': 'move'}]}]}	160	hoc18b		only_while	rand109
{'type': 'run', 'children': [{'type': 'turn_left'}, {'type': 'move'}, {'type': 'turn_left'}, {'type': 'move'}, {'type': 'while', 'children': [{'type': 'turn_right'}, {'type': 'move'}, {'type': 'move'}]}]}	161	hoc18b		only_while	rand110
{'type': 'run', 'children': [{'type': 'move'}, {'type': 'turn_left'}, {'type': 'move'}, {'type': 'move'}, {'type': 'turn_right'}, {'type': 'move'}, {'type': 'move'}, {'type': 'turn_left'}]}	162	hoc18b		basic_actions	rand111
{'type': 'run', 'children': [{'type': 'move'}, {'type': 'turn_right'}, {'type': 'move'}, {'type': 'turn_left'}, {'type': 'move'}, {'type': 'move'}, {'type': 'turn_right'}, {'type': 'move'}, {'type': 'turn_left'}, {'type': 'move'}, {'type': 'turn_left'}, {'type': 'move'}, {'type': 'move'}, {'type': 'move'}, {'type': 'turn_left'}]}	163	hoc18b		basic_actions	rand112
{'type': 'run', 'children': [{'type': 'turn_right'}, {'type': 'turn_left'}, {'type': 'move'}, {'type': 'move'}, {'type': 'move'}, {'type': 'move'}, {'type': 'move'}, {'type': 'turn_right'}, {'type': 'turn_left'}, {'type': 'move'}, {'type': 'move'}]}	164	hoc18b		basic_actions	rand113
{'type': 'run', 'children': [{'type': 'turn_right'}, {'type': 'turn_left'}, {'type': 'turn_left'}, {'type': 'move'}, {'type': 'turn_right'}, {'type': 'turn_right'}, {'type': 'move'}, {'type': 'move'}, {'type': 'move'}, {'type': 'move'}]}	165	hoc18b		basic_actions	rand114
{'type': 'run', 'children': [{'type': 'move'}, {'type': 'turn_left'}, {'type': 'move'}, {'type': 'move'}, {'type': 'move'}, {'type': 'move'}, {'type': 'turn_left'}, {'type': 'move'}, {'type': 'turn_left'}]}	166	hoc18b		basic_actions	rand115
{'type': 'run', 'children': [{'type': 'turn_left'}, {'type': 'turn_left'}, {'type': 'turn_left'}, {'type': 'move'}, {'type': 'turn_left'}, {'type': 'move'}, {'type': 'turn_right'}, {'type': 'move'}, {'type': 'move'}, {'type': 'move'}]}	167	hoc18b		basic_actions	rand116
{'type': 'run', 'children': [{'type': 'turn_left'}, {'type': 'move'}, {'type': 'turn_right'}, {'type': 'move'}, {'type': 'move'}, {'type': 'move'}, {'type': 'move'}]}	168	hoc18b		basic_actions	rand117
{'type': 'run', 'children': [{'type': 'move'}, {'type': 'turn_left'}, {'type': 'turn_left'}, {'type': 'turn_right'}, {'type': 'move'}, {'type': 'move'}, {'type': 'turn_left'}, {'type': 'turn_right'}, {'type': 'turn_right'}, {'type': 'move'}, {'type': 'move'}]}	169	hoc18b		basic_actions	rand118
{'type': 'run', 'children': [{'type': 'move'}, {'type': 'move'}, {'type': 'move'}, {'type': 'turn_right'}, {'type': 'move'}, {'type': 'turn_right'}, {'type': 'turn_right'}, {'type': 'move'}, {'type': 'turn_left'}, {'type': 'move'}, {'type': 'move'}, {'type': 'turn_left'}]}	170	hoc18b		basic_actions	rand119
{'type': 'run', 'children': [{'type': 'move'}, {'type': 'turn_left'}, {'type': 'turn_left'}, {'type': 'turn_right'}, {'type': 'move'}, {'type': 'move'}, {'type': 'turn_right'}, {'type': 'turn_right'}, {'type': 'move'}, {'type': 'move'}]}	171	hoc18b		basic_actions	rand120
{'type': 'run', 'children': [{'type': 'while', 'children': [{'type': 'ifelse bool_path_left', 'children': [{'type': 'do', 'children': [{'type': 'move'}]}, {'type': 'else', 'children': [{'type': 'move'}]}]}, {'type': 'turn_left'}]}]}	172	hoc18c		edit_2	rand121
{'type': 'run', 'children': [{'type': 'while', 'children': [{'type': 'move'}, {'type': 'ifelse bool_path_left', 'children': [{'type': 'do', 'children': [{'type': 'turn_left'}, {'type': 'move'}]}, {'type': 'else', 'children': [{'type': 'move'}]}]}, {'type': 'turn_right'}]}]}	173	hoc18c		edit_2	rand122
{'type': 'run', 'children': [{'type': 'while', 'children': [{'type': 'turn_left'}, {'type': 'ifelse bool_path_left', 'children': [{'type': 'do', 'children': [{'type': 'turn_left'}, {'type': 'move'}]}, {'type': 'else', 'children': [{'type': 'turn_left'}]}]}]}]}	174	hoc18c		edit_2	rand123
{'type': 'run', 'children': [{'type': 'while', 'children': [{'type': 'ifelse bool_path_ahead', 'children': [{'type': 'do', 'children': [{'type': 'turn_left'}, {'type': 'move'}]}, {'type': 'else', 'children': [{'type': 'move'}]}]}, {'type': 'turn_left'}]}]}	175	hoc18c		edit_2	rand124
{'type': 'run', 'children': [{'type': 'while', 'children': [{'type': 'ifelse bool_path_left', 'children': [{'type': 'do', 'children': [{'type': 'turn_right'}, {'type': 'move'}]}, {'type': 'else', 'children': [{'type': 'move'}]}]}, {'type': 'move'}]}]}	176	hoc18c		edit_2	rand125
{'type': 'run', 'children': [{'type': 'while', 'children': [{'type': 'ifelse bool_path_left', 'children': [{'type': 'do', 'children': [{'type': 'turn_left'}, {'type': 'move'}]}, {'type': 'else', 'children': [{'type': 'turn_right'}]}]}, {'type': 'turn_right'}]}]}	177	hoc18c		edit_2	rand126
{'type': 'run', 'children': [{'type': 'turn_right'}, {'type': 'while', 'children': [{'type': 'ifelse bool_path_left', 'children': [{'type': 'do', 'children': [{'type': 'turn_left'}]}, {'type': 'else', 'children': [{'type': 'move'}]}]}]}]}	178	hoc18c		edit_2	rand127
{'type': 'run', 'children': [{'type': 'while', 'children': [{'type': 'ifelse bool_path_left', 'children': [{'type': 'do', 'children': [{'type': 'turn_right'}, {'type': 'move'}]}, {'type': 'else', 'children': [{'type': 'move'}]}]}, {'type': 'move'}]}]}	179	hoc18c		edit_2	rand128
{'type': 'run', 'children': [{'type': 'while', 'children': [{'type': 'turn_left'}, {'type': 'ifelse bool_path_left', 'children': [{'type': 'do', 'children': [{'type': 'turn_left'}, {'type': 'move'}]}, {'type': 'else', 'children': [{'type': 'move'}, {'type': 'turn_right'}]}]}]}]}	180	hoc18c		edit_2	rand129
{'type': 'run', 'children': [{'type': 'turn_left'}, {'type': 'while', 'children': [{'type': 'ifelse bool_path_left', 'children': [{'type': 'do', 'children': [{'type': 'turn_left'}, {'type': 'move'}]}, {'type': 'else', 'children': [{'type': 'turn_right'}]}]}]}]}	181	hoc18c		edit_2	rand130
{'type': 'run', 'children': [{'type': 'move'}, {'type': 'ifelse bool_path_left', 'children': [{'type': 'do', 'children': [{'type': 'turn_left'}, {'type': 'move'}]}, {'type': 'else', 'children': [{'type': 'move'}]}]}, {'type': 'move'}]}	182	hoc18c		only_if	rand131
{'type': 'run', 'children': [{'type': 'ifelse bool_path_left', 'children': [{'type': 'do', 'children': [{'type': 'turn_left'}, {'type': 'move'}]}, {'type': 'else', 'children': [{'type': 'move'}]}]}, {'type': 'move'}, {'type': 'turn_right'}]}	183	hoc18c		only_if	rand132
{'type': 'run', 'children': [{'type': 'turn_right'}, {'type': 'ifelse bool_path_left', 'children': [{'type': 'do', 'children': [{'type': 'turn_left'}, {'type': 'move'}]}, {'type': 'else', 'children': [{'type': 'move'}]}]}, {'type': 'move'}]}	184	hoc18c		only_if	rand133
{'type': 'run', 'children': [{'type': 'ifelse bool_path_ahead', 'children': [{'type': 'do', 'children': [{'type': 'move'}]}, {'type': 'else', 'children': [{'type': 'move'}]}]}]}	185	hoc18c		only_if	rand134
{'type': 'run', 'children': [{'type': 'turn_left'}, {'type': 'move'}, {'type': 'ifelse bool_path_left', 'children': [{'type': 'do', 'children': [{'type': 'turn_left'}, {'type': 'move'}]}, {'type': 'else', 'children': [{'type': 'move'}]}]}]}	186	hoc18c		only_if	rand135
{'type': 'run', 'children': [{'type': 'ifelse bool_path_left', 'children': [{'type': 'do', 'children': [{'type': 'turn_right'}, {'type': 'move'}]}, {'type': 'else', 'children': [{'type': 'move'}]}]}, {'type': 'move'}]}	187	hoc18c		only_if	rand136
{'type': 'run', 'children': [{'type': 'ifelse bool_path_left', 'children': [{'type': 'do', 'children': [{'type': 'move'}, {'type': 'move'}]}, {'type': 'else', 'children': [{'type': 'turn_right'}]}]}]}	188	hoc18c		only_if	rand137
{'type': 'run', 'children': [{'type': 'ifelse bool_path_left', 'children': [{'type': 'do', 'children': [{'type': 'turn_left'}, {'type': 'move'}, {'type': 'move'}]}, {'type': 'else', 'children': [{'type': 'move'}]}]}, {'type': 'turn_right'}]}	189	hoc18c		only_if	rand138
{'type': 'run', 'children': [{'type': 'ifelse bool_path_left', 'children': [{'type': 'do', 'children': [{'type': 'move'}, {'type': 'move'}, {'type': 'move'}]}, {'type': 'else', 'children': [{'type': 'move'}]}]}]}	190	hoc18c		only_if	rand139
{'type': 'run', 'children': [{'type': 'turn_left'}, {'type': 'ifelse bool_path_ahead', 'children': [{'type': 'do', 'children': [{'type': 'turn_left'}, {'type': 'move'}]}, {'type': 'else', 'children': [{'type': 'move'}]}]}]}	191	hoc18c		only_if	rand140
{'type': 'run', 'children': [{'type': 'while', 'children': [{'type': 'move'}, {'type': 'turn_left'}, {'type': 'move'}, {'type': 'move'}, {'type': 'turn_right'}]}]}	192	hoc18c		only_while	rand141
{'type': 'run', 'children': [{'type': 'turn_left'}, {'type': 'while', 'children': [{'type': 'move'}, {'type': 'move'}]}]}	193	hoc18c		only_while	rand142
{'type': 'run', 'children': [{'type': 'turn_right'}, {'type': 'while', 'children': [{'type': 'turn_left'}, {'type': 'move'}, {'type': 'move'}, {'type': 'move'}]}]}	194	hoc18c		only_while	rand143
{'type': 'run', 'children': [{'type': 'while', 'children': [{'type': 'turn_right'}, {'type': 'turn_left'}, {'type': 'move'}, {'type': 'move'}, {'type': 'move'}]}]}	195	hoc18c		only_while	rand144
{'type': 'run', 'children': [{'type': 'turn_right'}, {'type': 'while', 'children': [{'type': 'turn_left'}, {'type': 'turn_left'}, {'type': 'move'}]}]}	196	hoc18c		only_while	rand145
{'type': 'run', 'children': [{'type': 'while', 'children': [{'type': 'turn_left'}, {'type': 'turn_left'}, {'type': 'move'}, {'type': 'move'}, {'type': 'move'}]}]}	197	hoc18c		only_while	rand146
{'type': 'run', 'children': [{'type': 'while', 'children': [{'type': 'turn_right'}, {'type': 'turn_left'}, {'type': 'move'}, {'type': 'move'}, {'type': 'move'}]}]}	198	hoc18c		only_while	rand147
{'type': 'run', 'children': [{'type': 'turn_right'}, {'type': 'while', 'children': [{'type': 'turn_left'}, {'type': 'turn_left'}, {'type': 'move'}, {'type': 'move'}]}]}	199	hoc18c		only_while	rand148
{'type': 'run', 'children': [{'type': 'while', 'children': [{'type': 'turn_left'}, {'type': 'turn_left'}, {'type': 'move'}, {'type': 'move'}, {'type': 'turn_right'}]}]}	200	hoc18c		only_while	rand149
{'type': 'run', 'children': [{'type': 'while', 'children': [{'type': 'move'}, {'type': 'move'}, {'type': 'turn_left'}, {'type': 'move'}]}]}	201	hoc18c		only_while	rand150
{'type': 'run', 'children': [{'type': 'move'}, {'type': 'turn_left'}, {'type': 'move'}, {'type': 'move'}, {'type': 'turn_left'}, {'type': 'move'}, {'type': 'turn_left'}, {'type': 'turn_right'}, {'type': 'move'}, {'type': 'turn_left'}, {'type': 'move'}, {'type': 'turn_left'}, {'type': 'move'}, {'type': 'turn_left'}, {'type': 'move'}, {'type': 'move'}, {'type': 'turn_left'}, {'type': 'turn_left'}]}	202	hoc18c		basic_actions	rand151
{'type': 'run', 'children': [{'type': 'move'}, {'type': 'move'}, {'type': 'turn_right'}, {'type': 'turn_left'}, {'type': 'move'}, {'type': 'move'}, {'type': 'move'}, {'type': 'turn_left'}, {'type': 'move'}, {'type': 'move'}, {'type': 'turn_left'}, {'type': 'move'}, {'type': 'turn_left'}, {'type': 'move'}, {'type': 'move'}, {'type': 'turn_right'}]}	203	hoc18c		basic_actions	rand152
{'type': 'run', 'children': [{'type': 'move'}, {'type': 'move'}, {'type': 'move'}, {'type': 'turn_left'}, {'type': 'move'}, {'type': 'move'}, {'type': 'turn_right'}, {'type': 'turn_left'}, {'type': 'move'}, {'type': 'move'}, {'type': 'turn_left'}, {'type': 'turn_left'}, {'type': 'move'}, {'type': 'move'}]}	204	hoc18c		basic_actions	rand153
{'type': 'run', 'children': [{'type': 'move'}, {'type': 'move'}, {'type': 'turn_left'}, {'type': 'move'}, {'type': 'move'}, {'type': 'move'}, {'type': 'turn_left'}, {'type': 'turn_left'}, {'type': 'move'}, {'type': 'move'}, {'type': 'turn_left'}, {'type': 'move'}, {'type': 'move'}]}	205	hoc18c		basic_actions	rand154
{'type': 'run', 'children': [{'type': 'turn_right'}, {'type': 'move'}, {'type': 'move'}, {'type': 'move'}, {'type': 'move'}, {'type': 'turn_right'}, {'type': 'move'}, {'type': 'move'}, {'type': 'turn_left'}, {'type': 'move'}, {'type': 'move'}, {'type': 'turn_left'}, {'type': 'move'}, {'type': 'move'}, {'type': 'move'}, {'type': 'turn_left'}, {'type': 'move'}]}	206	hoc18c		basic_actions	rand155
{'type': 'run', 'children': [{'type': 'move'}, {'type': 'move'}, {'type': 'move'}, {'type': 'move'}, {'type': 'move'}, {'type': 'turn_left'}, {'type': 'move'}, {'type': 'turn_right'}, {'type': 'turn_left'}, {'type': 'move'}, {'type': 'move'}, {'type': 'move'}, {'type': 'move'}, {'type': 'move'}, {'type': 'move'}, {'type': 'move'}, {'type': 'turn_left'}, {'type': 'move'}]}	207	hoc18c		basic_actions	rand156
{'type': 'run', 'children': [{'type': 'move'}, {'type': 'move'}, {'type': 'turn_left'}, {'type': 'move'}, {'type': 'move'}, {'type': 'turn_left'}, {'type': 'move'}, {'type': 'move'}, {'type': 'move'}, {'type': 'turn_left'}, {'type': 'move'}, {'type': 'turn_left'}]}	208	hoc18c		basic_actions	rand157
{'type': 'run', 'children': [{'type': 'move'}, {'type': 'move'}, {'type': 'move'}, {'type': 'move'}, {'type': 'turn_left'}, {'type': 'move'}, {'type': 'move'}, {'type': 'move'}, {'type': 'turn_right'}, {'type': 'turn_left'}, {'type': 'move'}, {'type': 'move'}, {'type': 'move'}, {'type': 'move'}, {'type': 'turn_right'}, {'type': 'move'}, {'type': 'turn_left'}, {'type': 'turn_right'}, {'type': 'move'}]}	209	hoc18c		basic_actions	rand158
{'type': 'run', 'children': [{'type': 'move'}, {'type': 'turn_left'}, {'type': 'move'}, {'type': 'move'}, {'type': 'move'}, {'type': 'turn_right'}, {'type': 'move'}, {'type': 'move'}, {'type': 'move'}, {'type': 'move'}, {'type': 'move'}, {'type': 'move'}, {'type': 'move'}, {'type': 'turn_left'}, {'type': 'move'}, {'type': 'turn_right'}, {'type': 'turn_left'}, {'type': 'move'}]}	210	hoc18c		basic_actions	rand159
{'type': 'run', 'children': [{'type': 'move'}, {'type': 'turn_left'}, {'type': 'move'}, {'type': 'turn_left'}, {'type': 'move'}, {'type': 'move'}, {'type': 'turn_left'}, {'type': 'move'}, {'type': 'move'}, {'type': 'turn_left'}, {'type': 'move'}, {'type': 'turn_left'}, {'type': 'turn_left'}, {'type': 'move'}, {'type': 'turn_left'}, {'type': 'move'}, {'type': 'move'}, {'type': 'turn_left'}]}	211	hoc18c		basic_actions	rand160
